Chip,frequency(Mhz),Voltage,Power(Watts),TransistorSize (nm),Transistors,Chip Area,Source,
Cyrix1,100.0,3.3,19.4,650.0,3.0,394.0,data from the BalusC server 2007:  http://balusc.xs4all.nl/srv/har-cpu.html/ ,
Cyrix2,110.0,3.3,20.9,650.0,3.0,225.0,data from the BalusC server 2007:  http://balusc.xs4all.nl/srv/har-cpu.html/ ,
Cyrix3,120.0,3.4,22.0,650.0,3.0,225.0,data from the BalusC server 2007:  http://balusc.xs4all.nl/srv/har-cpu.html/ ,
Cyrix4,133.0,3.4,23.8,650.0,3.0,225.0,data from the BalusC server 2007:  http://balusc.xs4all.nl/srv/har-cpu.html/ ,
Cyrix5,100.0,2.8,11.2,350.0,3.0,169.0,data from the BalusC server 2007:  http://balusc.xs4all.nl/srv/har-cpu.html/ ,
Cyrix6,120.0,2.8,12.6,350.0,3.0,169.0,data from the BalusC server 2007:  http://balusc.xs4all.nl/srv/har-cpu.html/ ,
Cyrix7,133.0,2.8,13.6,350.0,3.0,169.0,data from the BalusC server 2007:  http://balusc.xs4all.nl/srv/har-cpu.html/ ,
Cyrix8,150.0,2.8,14.9,350.0,3.0,169.0,data from the BalusC server 2007:  http://balusc.xs4all.nl/srv/har-cpu.html/ ,
Cyrix9,150.0,2.9,18.9,350.0,6.0,197.0,data from the BalusC server 2007:  http://balusc.xs4all.nl/srv/har-cpu.html/ ,
Cyrix10,166.0,2.9,20.2,350.0,6.0,197.0,data from the BalusC server 2007:  http://balusc.xs4all.nl/srv/har-cpu.html/ ,
Cyrix11,166.0,2.9,19.1,300.0,6.0,156.0,data from the BalusC server 2007:  http://balusc.xs4all.nl/srv/har-cpu.html/ ,
Cyrix12,187.0,2.9,22.9,350.0,6.0,197.0,data from the BalusC server 2007:  http://balusc.xs4all.nl/srv/har-cpu.html/ ,
Cyrix13,200.0,2.9,22.9,350.0,6.0,197.0,data from the BalusC server 2007:  http://balusc.xs4all.nl/srv/har-cpu.html/ ,
Cyrix14,200.0,2.9,22.3,300.0,6.0,156.0,data from the BalusC server 2007:  http://balusc.xs4all.nl/srv/har-cpu.html/ ,
Cyrix15,208.0,2.9,23.0,300.0,5.0,156.0,data from the BalusC server 2007:  http://balusc.xs4all.nl/srv/har-cpu.html/ ,
Cyrix16,200.0,2.9,22.3,300.0,6.0,156.0,data from the BalusC server 2007:  http://balusc.xs4all.nl/srv/har-cpu.html/ ,
Cyrix17,208.0,2.9,23.0,300.0,6.0,156.0,data from the BalusC server 2007:  http://balusc.xs4all.nl/srv/har-cpu.html/ ,
Cyrix18,225.0,2.9,27.0,300.0,6.0,156.0,data from the BalusC server 2007:  http://balusc.xs4all.nl/srv/har-cpu.html/ ,
Cyrix19,225.0,2.9,25.5,250.0,6.0,88.0,data from the BalusC server 2007:  http://balusc.xs4all.nl/srv/har-cpu.html/ ,
Cyrix20,233.0,2.9,27.0,300.0,6.0,156.0,data from the BalusC server 2007:  http://balusc.xs4all.nl/srv/har-cpu.html/ ,
Cyrix21,233.0,2.9,25.5,250.0,6.0,88.0,data from the BalusC server 2007:  http://balusc.xs4all.nl/srv/har-cpu.html/ ,
Cyrix22,250.0,2.9,27.6,300.0,6.0,156.0,data from the BalusC server 2007:  http://balusc.xs4all.nl/srv/har-cpu.html/ ,
Cyrix23,250.0,2.9,23.3,250.0,6.0,88.0,data from the BalusC server 2007:  http://balusc.xs4all.nl/srv/har-cpu.html/ ,
Cyrix24,250.0,2.9,8.8,250.0,6.0,88.0,data from the BalusC server 2007:  http://balusc.xs4all.nl/srv/har-cpu.html/ ,
Cyrix25,285.0,2.2,12.5,180.0,6.0,88.0,data from the BalusC server 2007:  http://balusc.xs4all.nl/srv/har-cpu.html/ ,
Cyrix26,300.0,2.2,13.7,180.0,6.0,65.0,data from the BalusC server 2007:  http://balusc.xs4all.nl/srv/har-cpu.html/ ,
Via1,800.0,1.4,8.3,130.0,15.4,52.0,data from the BalusC server 2007:  http://balusc.xs4all.nl/srv/har-cpu.html/ ,
Via2,800.0,1.4,8.5,130.0,15.5,47.0,data from the BalusC server 2007:  http://balusc.xs4all.nl/srv/har-cpu.html/ ,
Via3,850.0,1.4,9.3,130.0,15.4,52.0,data from the BalusC server 2007:  http://balusc.xs4all.nl/srv/har-cpu.html/ ,
Via4,866.0,1.4,9.6,130.0,15.5,47.0,data from the BalusC server 2007:  http://balusc.xs4all.nl/srv/har-cpu.html/ ,
Via5,866.0,1.4,9.6,130.0,15.4,52.0,data from the BalusC server 2007:  http://balusc.xs4all.nl/srv/har-cpu.html/ ,
Via6,700.0,1.6,9.9,150.0,15.2,52.0,data from the BalusC server 2007:  http://balusc.xs4all.nl/srv/har-cpu.html/ ,
Via7,733.0,1.6,10.4,150.0,15.2,52.0,data from the BalusC server 2007:  http://balusc.xs4all.nl/srv/har-cpu.html/ ,
Via8,750.0,1.6,10.6,150.0,15.2,52.0,data from the BalusC server 2007:  http://balusc.xs4all.nl/srv/har-cpu.html/ ,
Via9,800.0,1.6,11.3,150.0,15.2,52.0,data from the BalusC server 2007:  http://balusc.xs4all.nl/srv/har-cpu.html/ ,
Via10,800.0,1.10,11.3,150.0,15.2,52.0,data from the BalusC server 2007:  http://balusc.xs4all.nl/srv/har-cpu.html/ ,
Via11,1000.0,1.5,15.0,130.0,20.5,47.0,data from the BalusC server 2007:  http://balusc.xs4all.nl/srv/har-cpu.html/ ,
Via12,1133.0,1.5,15.0,130.0,20.5,47.0,data from the BalusC server 2007:  http://balusc.xs4all.nl/srv/har-cpu.html/ ,
Via13,1200.0,1.5,19.0,130.0,20.5,47.0,data from the BalusC server 2007:  http://balusc.xs4all.nl/srv/har-cpu.html/ ,
Pentium1_1,60,5,14.6,800,3.1,294,data from the BalusC server 2007:  http://balusc.xs4all.nl/srv/har-cpu.html/ ,
Pentium1_2,66,5,16,800,3.1,294,data from the BalusC server 2007:  http://balusc.xs4all.nl/srv/har-cpu.html/ ,
Pentium1_3,75,3.3,8,600,3.3,148,data from the BalusC server 2007:  http://balusc.xs4all.nl/srv/har-cpu.html/ ,
Pentium1_4,90,3.34,9,600,3.3,148,data from the BalusC server 2007:  http://balusc.xs4all.nl/srv/har-cpu.html/ ,
Pentium1_5,100,3.34,10.1,600,3.3,148,data from the BalusC server 2007:  http://balusc.xs4all.nl/srv/har-cpu.html/ ,
Pentium1_6,120,3.34,12.35,350,3.3,87,data from the BalusC server 2007:  http://balusc.xs4all.nl/srv/har-cpu.html/ ,
Pentium1_7,133,3.34,11.2,350,3.3,87,data from the BalusC server 2007:  http://balusc.xs4all.nl/srv/har-cpu.html/ ,
Pentium1_8,150,3.3,11.6,350,3.3,83,data from the BalusC server 2007:  http://balusc.xs4all.nl/srv/har-cpu.html/ ,
Pentium1_9,166,3.38,14.5,350,3.3,83,data from the BalusC server 2007:  http://balusc.xs4all.nl/srv/har-cpu.html/ ,
Pentium1_10,200,3.38,15.5,350,3.3,83,data from the BalusC server 2007:  http://balusc.xs4all.nl/srv/har-cpu.html/ ,
Pentium1_11,120,5,12.5,350,3.3,91,data from the BalusC server 2007:  http://balusc.xs4all.nl/srv/har-cpu.html/ ,
Pentium1_12,133,5,13.5,350,3.3,91,data from the BalusC server 2007:  http://balusc.xs4all.nl/srv/har-cpu.html/ ,
Pentium1_13,125,3.3675,15,350,3.3,83,data from the BalusC server 2007:  http://balusc.xs4all.nl/srv/har-cpu.html/ ,
Pentium1_14,150,3.3675,15,350,3.3,83,data from the BalusC server 2007:  http://balusc.xs4all.nl/srv/har-cpu.html/ ,
Pentium1_15,166,3.3675,15,350,3.3,83,data from the BalusC server 2007:  http://balusc.xs4all.nl/srv/har-cpu.html/ ,
Pentium1_16,166,2.8,13.1,280,4.5,134,data from the BalusC server 2007:  http://balusc.xs4all.nl/srv/har-cpu.html/ ,
Pentium1_17,200,2.8,15.7,280,4.5,134,data from the BalusC server 2007:  http://balusc.xs4all.nl/srv/har-cpu.html/ ,
Pentium1_18,233,2.8,17,280,4.5,128,data from the BalusC server 2007:  http://balusc.xs4all.nl/srv/har-cpu.html/ ,
Pentium1_19,150,3.3675,15,280,4.5,140,data from the BalusC server 2007:  http://balusc.xs4all.nl/srv/har-cpu.html/ ,
Pentium1_20,166,3.3675,15,280,4.5,140,data from the BalusC server 2007:  http://balusc.xs4all.nl/srv/har-cpu.html/ ,
Pentium1_21,180,3.3675,15,280,4.5,140,data from the BalusC server 2007:  http://balusc.xs4all.nl/srv/har-cpu.html/ ,
Pentium1_22,200,3.3675,17,280,4.5,140,data from the BalusC server 2007:  http://balusc.xs4all.nl/srv/har-cpu.html/ ,
Pentium1_24,150,3.1,29.2,600,5.5,306,data from the BalusC server 2007:  http://balusc.xs4all.nl/srv/har-cpu.html/ ,
Pentium1_25,166,3.3,35,350,5.5,195,data from the BalusC server 2007:  http://balusc.xs4all.nl/srv/har-cpu.html/ ,
Pentium1_26,180,3.3,31.7,350,5.5,195,data from the BalusC server 2007:  http://balusc.xs4all.nl/srv/har-cpu.html/ ,
Pentium1_27,200,3.4,37.2,350,5.5,195,data from the BalusC server 2007:  http://balusc.xs4all.nl/srv/har-cpu.html/ ,
Pentium1_28,200,3.3,37.9,350,5.5,195,data from the BalusC server 2007:  http://balusc.xs4all.nl/srv/har-cpu.html/ ,
Pentium1_29,200,3.25,45.5,350,5.5,195,data from the BalusC server 2007:  http://balusc.xs4all.nl/srv/har-cpu.html/ ,
Pentium1_30,133,2.275,7.8,280,4.5,140,data from the BalusC server 2007:  http://balusc.xs4all.nl/srv/har-cpu.html/ ,
Pentium1_31,150,2.275,8.6,280,4.5,140,data from the BalusC server 2007:  http://balusc.xs4all.nl/srv/har-cpu.html/ ,
Pentium1_32,166,2.275,6.55,265,4.5,115,data from the BalusC server 2007:  http://balusc.xs4all.nl/srv/har-cpu.html/ ,
Pentium1_33,200,2.275,8.35,265,4.5,115,data from the BalusC server 2007:  http://balusc.xs4all.nl/srv/har-cpu.html/ ,
Pentium1_34,233,2.275,5.5,250,4.5,90,data from the BalusC server 2007:  http://balusc.xs4all.nl/srv/har-cpu.html/ ,
Pentium1_35,266,2.275,7.6,250,4.5,90,data from the BalusC server 2007:  http://balusc.xs4all.nl/srv/har-cpu.html/ ,
Pentium1_36,300,2.275,8.4,250,4.5,90,data from the BalusC server 2007:  http://balusc.xs4all.nl/srv/har-cpu.html/ ,
Pentium2_3,233,2.8,34.8,350,7.5,203,data from the BalusC server 2007:  http://balusc.xs4all.nl/srv/har-cpu.html/ ,
Pentium2_4,266,2.8,38.2,350,7.5,203,data from the BalusC server 2007:  http://balusc.xs4all.nl/srv/har-cpu.html/ ,
Pentium2_5,266,2,16.8,250,7.5,118,data from the BalusC server 2007:  http://balusc.xs4all.nl/srv/har-cpu.html/ ,
Pentium2_6,300,2.8,43,350,7.5,203,data from the BalusC server 2007:  http://balusc.xs4all.nl/srv/har-cpu.html/ ,
Pentium2_7,300,2,18.6,250,7.5,124.5,data from the BalusC server 2007:  http://balusc.xs4all.nl/srv/har-cpu.html/ ,
Pentium2_8,333,2,20.6,250,7.5,124.5,data from the BalusC server 2007:  http://balusc.xs4all.nl/srv/har-cpu.html/ ,
Pentium2_9,350,2,21.5,250,7.5,124.5,data from the BalusC server 2007:  http://balusc.xs4all.nl/srv/har-cpu.html/ ,
Pentium2_10,400,2,24.3,250,7.5,124.5,data from the BalusC server 2007:  http://balusc.xs4all.nl/srv/har-cpu.html/ ,
Pentium2_11,450,2,27.1,250,7.5,118,data from the BalusC server 2007:  http://balusc.xs4all.nl/srv/har-cpu.html/ ,
Pentium2_12,266,2,16.6,250,7.5,131,data from the BalusC server 2007:  http://balusc.xs4all.nl/srv/har-cpu.html/ ,
Pentium2_13,300,2,18.4,250,7.5,131,data from the BalusC server 2007:  http://balusc.xs4all.nl/srv/har-cpu.html/ ,
Pentium2_14,300,2,19,250,19,154,data from the BalusC server 2007:  http://balusc.xs4all.nl/srv/har-cpu.html/ ,
Pentium2_15,333,2,20.9,250,19,154,data from the BalusC server 2007:  http://balusc.xs4all.nl/srv/har-cpu.html/ ,
Pentium2_16,366,2,21.7,250,19,154,data from the BalusC server 2007:  http://balusc.xs4all.nl/srv/har-cpu.html/ ,
Pentium2_17,400,2,23.7,250,19,154,data from the BalusC server 2007:  http://balusc.xs4all.nl/srv/har-cpu.html/ ,
Pentium2_18,433,2,24.6,250,19,154,data from the BalusC server 2007:  http://balusc.xs4all.nl/srv/har-cpu.html/ ,
Pentium2_19,300,2,19,250,19,154,data from the BalusC server 2007:  http://balusc.xs4all.nl/srv/har-cpu.html/ ,
Pentium2_20,333,2,20.9,250,19,154,data from the BalusC server 2007:  http://balusc.xs4all.nl/srv/har-cpu.html/ ,
Pentium2_21,366,2,21.7,250,19,154,data from the BalusC server 2007:  http://balusc.xs4all.nl/srv/har-cpu.html/ ,
Pentium2_22,400,2,23.7,250,19,154,data from the BalusC server 2007:  http://balusc.xs4all.nl/srv/har-cpu.html/ ,
Pentium2_23,433,2,24.1,250,19,154,data from the BalusC server 2007:  http://balusc.xs4all.nl/srv/har-cpu.html/ ,
Pentium2_24,466,2,25.7,250,19,154,data from the BalusC server 2007:  http://balusc.xs4all.nl/srv/har-cpu.html/ ,
Pentium2_25,500,2,27.2,250,19,154,data from the BalusC server 2007:  http://balusc.xs4all.nl/srv/har-cpu.html/ ,
Pentium2_26,533,2,28.3,250,19,154,data from the BalusC server 2007:  http://balusc.xs4all.nl/srv/har-cpu.html/ ,
Pentium2_32,233,1.6,9,250,7.5,118,data from the BalusC server 2007:  http://balusc.xs4all.nl/srv/har-cpu.html/ ,
Pentium2_33,266,1.6,9.8,250,27.4,180,data from the BalusC server 2007:  http://balusc.xs4all.nl/srv/har-cpu.html/ ,
Pentium2_34,266,1.6,10.3,250,7.5,118,data from the BalusC server 2007:  http://balusc.xs4all.nl/srv/har-cpu.html/ ,
Pentium2_35,300,1.6,11.1,250,27.4,180,data from the BalusC server 2007:  http://balusc.xs4all.nl/srv/har-cpu.html/ ,
Pentium2_36,300,1.6,11.6,250,7.5,118,data from the BalusC server 2007:  http://balusc.xs4all.nl/srv/har-cpu.html/ ,
Pentium2_37,333,1.6,11.8,250,27.4,180,data from the BalusC server 2007:  http://balusc.xs4all.nl/srv/har-cpu.html/ ,
Pentium2_38,366,1.6,13.1,250,27.4,180,data from the BalusC server 2007:  http://balusc.xs4all.nl/srv/har-cpu.html/ ,
Pentium2_41,266,1.5,9.8,250,18.9,154,data from the BalusC server 2007:  http://balusc.xs4all.nl/srv/har-cpu.html/ ,
Pentium2_42,300,1.6,11.1,250,18.9,154,data from the BalusC server 2007:  http://balusc.xs4all.nl/srv/har-cpu.html/ ,
Pentium2_43,333,1.6,11.8,250,18.9,154,data from the BalusC server 2007:  http://balusc.xs4all.nl/srv/har-cpu.html/ ,
Pentium2_44,366,1.6,13.1,250,18.9,154,data from the BalusC server 2007:  http://balusc.xs4all.nl/srv/har-cpu.html/ ,
Pentium2_45,400,1.6,13.8,250,18.9,154,data from the BalusC server 2007:  http://balusc.xs4all.nl/srv/har-cpu.html/ ,
Pentium2_46,433,1.9,19.4,250,18.9,154,data from the BalusC server 2007:  http://balusc.xs4all.nl/srv/har-cpu.html/ ,
Pentium2_47,466,1.9,20.7,250,18.9,154,data from the BalusC server 2007:  http://balusc.xs4all.nl/srv/har-cpu.html/ ,
Pentium2_27,400,2,30.8,250,7.5,124.5,data from the BalusC server 2007:  http://balusc.xs4all.nl/srv/har-cpu.html/ ,
Pentium2_28,400,2,38.1,250,7.5,124.5,data from the BalusC server 2007:  http://balusc.xs4all.nl/srv/har-cpu.html/ ,
Pentium2_29,450,2,34.5,250,7.5,118,data from the BalusC server 2007:  http://balusc.xs4all.nl/srv/har-cpu.html/ ,
Pentium2_30,450,2,42.8,250,7.5,118,data from the BalusC server 2007:  http://balusc.xs4all.nl/srv/har-cpu.html/ ,
Pentium2_31,450,2,46.7,250,7.5,118,data from the BalusC server 2007:  http://balusc.xs4all.nl/srv/har-cpu.html/ ,
Pentium4_1,1400,1.75,55.3,180,42,217,data from the BalusC server 2007:  http://balusc.xs4all.nl/srv/har-cpu.html/ ,
Pentium4_2,1500,1.75,57.9,180,42,217,data from the BalusC server 2007:  http://balusc.xs4all.nl/srv/har-cpu.html/ ,
Pentium4_3,1600,1.75,60.8,180,42,217,data from the BalusC server 2007:  http://balusc.xs4all.nl/srv/har-cpu.html/ ,
Pentium4_4,1600,1.5,46.8,130,55,146,data from the BalusC server 2007:  http://balusc.xs4all.nl/srv/har-cpu.html/ ,
Pentium4_5,1700,1.75,63.5,180,42,217,data from the BalusC server 2007:  http://balusc.xs4all.nl/srv/har-cpu.html/ ,
Pentium4_6,1800,1.75,66.1,180,42,217,data from the BalusC server 2007:  http://balusc.xs4all.nl/srv/har-cpu.html/ ,
Pentium4_7,1800,1.5,50.5,130,55,138.5,data from the BalusC server 2007:  http://balusc.xs4all.nl/srv/har-cpu.html/ ,
Pentium4_8,1900,1.75,72.8,180,42,217,data from the BalusC server 2007:  http://balusc.xs4all.nl/srv/har-cpu.html/ ,
Pentium4_9,2000,1.75,75.3,180,42,217,data from the BalusC server 2007:  http://balusc.xs4all.nl/srv/har-cpu.html/ ,
Pentium4_10,2000,1.5,53.35,130,55,138.5,data from the BalusC server 2007:  http://balusc.xs4all.nl/srv/har-cpu.html/ ,
Pentium4_11,2200,1.5,56.1,130,55,138.5,data from the BalusC server 2007:  http://balusc.xs4all.nl/srv/har-cpu.html/ ,
Pentium4_12,2266,1.5,58,130,55,138.5,data from the BalusC server 2007:  http://balusc.xs4all.nl/srv/har-cpu.html/ ,
Pentium4_13,2266,1.3,89,90,125,112,data from the BalusC server 2007:  http://balusc.xs4all.nl/srv/har-cpu.html/ ,
Pentium4_14,2400,1.5,58.8,130,55,138.5,data from the BalusC server 2007:  http://balusc.xs4all.nl/srv/har-cpu.html/ ,
Pentium4_15,2400,1.3,89,90,125,112,data from the BalusC server 2007:  http://balusc.xs4all.nl/srv/har-cpu.html/ ,
Pentium4_16,2400,1.5,59.8,130,55,138.5,data from the BalusC server 2007:  http://balusc.xs4all.nl/srv/har-cpu.html/ ,
Pentium4_17,2400,1.5,66.2,130,55,131,data from the BalusC server 2007:  http://balusc.xs4all.nl/srv/har-cpu.html/ ,
Pentium4_18,2500,1.5,61,130,55,131,data from the BalusC server 2007:  http://balusc.xs4all.nl/srv/har-cpu.html/ ,
Pentium4_19,2533,1.5,61.5,130,55,138.5,data from the BalusC server 2007:  http://balusc.xs4all.nl/srv/har-cpu.html/ ,
Pentium4_20,2600,1.5,62.6,130,55,131,data from the BalusC server 2007:  http://balusc.xs4all.nl/srv/har-cpu.html/ ,
Pentium4_21,2666,1.5,66.1,130,55,131,data from the BalusC server 2007:  http://balusc.xs4all.nl/srv/har-cpu.html/ ,
Pentium4_22,2666,1.325,89,90,125,112,data from the BalusC server 2007:  http://balusc.xs4all.nl/srv/har-cpu.html/ ,
Pentium4_23,2600,1.5,69,130,55,131,data from the BalusC server 2007:  http://balusc.xs4all.nl/srv/har-cpu.html/ ,
Pentium4_24,2800,1.5,68.4,130,55,131,data from the BalusC server 2007:  http://balusc.xs4all.nl/srv/har-cpu.html/ ,
Pentium4_25,2800,1.5,68.4,130,55,131,data from the BalusC server 2007:  http://balusc.xs4all.nl/srv/har-cpu.html/ ,
Pentium4_26,2800,1.325,89,90,125,112,data from the BalusC server 2007:  http://balusc.xs4all.nl/srv/har-cpu.html/ ,
Pentium4_27,2800,1.5,69.7,130,55,131,data from the BalusC server 2007:  http://balusc.xs4all.nl/srv/har-cpu.html/ ,
Pentium4_28,2800,1.325,89,90,125,112,data from the BalusC server 2007:  http://balusc.xs4all.nl/srv/har-cpu.html/ ,
Pentium4_29,3000,1.5,81.9,130,55,131,data from the BalusC server 2007:  http://balusc.xs4all.nl/srv/har-cpu.html/ ,
Pentium4_30,3066,1.5,81.8,130,55,131,data from the BalusC server 2007:  http://balusc.xs4all.nl/srv/har-cpu.html/ ,
Pentium4_31,3000,1.325,89,90,125,112,data from the BalusC server 2007:  http://balusc.xs4all.nl/srv/har-cpu.html/ ,
Pentium4_32,3200,1.5,82,130,55,131,data from the BalusC server 2007:  http://balusc.xs4all.nl/srv/har-cpu.html/ ,
Pentium4_33,3200,1.325,96,90,125,112,data from the BalusC server 2007:  http://balusc.xs4all.nl/srv/har-cpu.html/ ,
Pentium4_34,3400,1.5,89,130,55,131,data from the BalusC server 2007:  http://balusc.xs4all.nl/srv/har-cpu.html/ ,
Pentium4_35,3400,1.325,96,90,125,112,data from the BalusC server 2007:  http://balusc.xs4all.nl/srv/har-cpu.html/ ,
Pentium4_36,3200,1.575,92.1,130,178,237,data from the BalusC server 2007:  http://balusc.xs4all.nl/srv/har-cpu.html/ ,
Pentium4_37,3400,1.575,102.9,130,178,237,data from the BalusC server 2007:  http://balusc.xs4all.nl/srv/har-cpu.html/ ,
Pentium4_38,3200,1.325,84,90,125,112,data from the BalusC server 2007:  http://balusc.xs4all.nl/srv/har-cpu.html/ ,
Pentium4_39,3400,1.325,115,90,125,112,data from the BalusC server 2007:  http://balusc.xs4all.nl/srv/har-cpu.html/ ,
Pentium4_40,3600,1.325,115,90,125,112,data from the BalusC server 2007:  http://balusc.xs4all.nl/srv/har-cpu.html/ ,
Pentium4_41,3800,1.325,115,90,125,112,data from the BalusC server 2007:  http://balusc.xs4all.nl/srv/har-cpu.html/ ,
Pentium4_42,2666,1.325,84,90,125,112,data from the BalusC server 2007:  http://balusc.xs4all.nl/srv/har-cpu.html/ ,
Pentium4_43,2666,1.325,84,90,125,112,data from the BalusC server 2007:  http://balusc.xs4all.nl/srv/har-cpu.html/ ,
Pentium4_44,2666,1.325,84,90,125,112,data from the BalusC server 2007:  http://balusc.xs4all.nl/srv/har-cpu.html/ ,
Pentium4_45,2800,1.325,84,90,125,112,data from the BalusC server 2007:  http://balusc.xs4all.nl/srv/har-cpu.html/ ,
Pentium4_46,2933,1.325,84,90,125,112,data from the BalusC server 2007:  http://balusc.xs4all.nl/srv/har-cpu.html/ ,
Pentium4_47,2933,1.325,84,90,125,112,data from the BalusC server 2007:  http://balusc.xs4all.nl/srv/har-cpu.html/ ,
Pentium4_48,2933,1.325,84,90,125,112,data from the BalusC server 2007:  http://balusc.xs4all.nl/srv/har-cpu.html/ ,
Pentium4_49,3066,1.325,84,90,125,112,data from the BalusC server 2007:  http://balusc.xs4all.nl/srv/har-cpu.html/ ,
Pentium4_50,3066,1.325,84,90,125,112,data from the BalusC server 2007:  http://balusc.xs4all.nl/srv/har-cpu.html/ ,
Pentium4_51,2800,1.325,84,90,125,112,data from the BalusC server 2007:  http://balusc.xs4all.nl/srv/har-cpu.html/ ,
Pentium4_52,2800,1.325,84,90,125,112,data from the BalusC server 2007:  http://balusc.xs4all.nl/srv/har-cpu.html/ ,
Pentium4_53,2800,1.325,84,90,125,112,data from the BalusC server 2007:  http://balusc.xs4all.nl/srv/har-cpu.html/ ,
Pentium4_54,2800,1.325,84,90,125,112,data from the BalusC server 2007:  http://balusc.xs4all.nl/srv/har-cpu.html/ ,
Pentium4_55,3066,1.325,84,90,125,112,data from the BalusC server 2007:  http://balusc.xs4all.nl/srv/har-cpu.html/ ,
Pentium4_56,3000,1.325,84,90,125,112,data from the BalusC server 2007:  http://balusc.xs4all.nl/srv/har-cpu.html/ ,
Pentium4_57,3000,1.325,84,90,125,112,data from the BalusC server 2007:  http://balusc.xs4all.nl/srv/har-cpu.html/ ,
Pentium4_58,3000,1.325,84,90,125,112,data from the BalusC server 2007:  http://balusc.xs4all.nl/srv/har-cpu.html/ ,
Pentium4_59,3200,1.325,84,90,125,112,data from the BalusC server 2007:  http://balusc.xs4all.nl/srv/har-cpu.html/ ,
Pentium4_60,3200,1.325,84,90,125,112,data from the BalusC server 2007:  http://balusc.xs4all.nl/srv/har-cpu.html/ ,
Pentium4_61,3200,1.325,84,90,125,112,data from the BalusC server 2007:  http://balusc.xs4all.nl/srv/har-cpu.html/ ,
Pentium4_62,3400,1.325,99.5,90,125,112,data from the BalusC server 2007:  http://balusc.xs4all.nl/srv/har-cpu.html/ ,
Pentium4_63,3400,1.325,84,90,125,112,data from the BalusC server 2007:  http://balusc.xs4all.nl/srv/har-cpu.html/ ,
Pentium4_64,3400,1.325,84,90,125,112,data from the BalusC server 2007:  http://balusc.xs4all.nl/srv/har-cpu.html/ ,
Pentium4_65,3600,1.325,115,90,125,112,data from the BalusC server 2007:  http://balusc.xs4all.nl/srv/har-cpu.html/ ,
Pentium4_66,3600,1.325,115,90,125,112,data from the BalusC server 2007:  http://balusc.xs4all.nl/srv/har-cpu.html/ ,
Pentium4_67,3600,1.325,115,90,125,112,data from the BalusC server 2007:  http://balusc.xs4all.nl/srv/har-cpu.html/ ,
Pentium4_68,3800,1.325,115,90,125,112,data from the BalusC server 2007:  http://balusc.xs4all.nl/srv/har-cpu.html/ ,
Pentium4_69,3800,1.3,115,90,125,112,data from the BalusC server 2007:  http://balusc.xs4all.nl/srv/har-cpu.html/ ,
Pentium4_70,2800,1.3,84,90,169,135,data from the BalusC server 2007:  http://balusc.xs4all.nl/srv/har-cpu.html/ ,
Pentium4_71,3000,1.3,84,90,169,135,data from the BalusC server 2007:  http://balusc.xs4all.nl/srv/har-cpu.html/ ,
Pentium4_72,3000,1.27,86,65,188,81,data from the BalusC server 2007:  http://balusc.xs4all.nl/srv/har-cpu.html/ ,
Pentium4_73,3200,1.3,84,90,169,135,data from the BalusC server 2007:  http://balusc.xs4all.nl/srv/har-cpu.html/ ,
Pentium4_74,3200,1.27,86,65,188,81,data from the BalusC server 2007:  http://balusc.xs4all.nl/srv/har-cpu.html/ ,
Pentium4_75,3400,1.3,84,90,169,135,data from the BalusC server 2007:  http://balusc.xs4all.nl/srv/har-cpu.html/ ,
Pentium4_76,3400,1.27,86,65,188,81,data from the BalusC server 2007:  http://balusc.xs4all.nl/srv/har-cpu.html/ ,
Pentium4_77,3600,1.3,115,90,169,135,data from the BalusC server 2007:  http://balusc.xs4all.nl/srv/har-cpu.html/ ,
pentium3_1,450,2,25.3,250,9.5,123,data from the BalusC server 2007:  http://balusc.xs4all.nl/srv/har-cpu.html/ ,
pentium3_2,500,2,28,250,9.5,123,data from the BalusC server 2007:  http://balusc.xs4all.nl/srv/har-cpu.html/ ,
pentium3_3,533,1.65,14,180,28,105.5,data from the BalusC server 2007:  http://balusc.xs4all.nl/srv/har-cpu.html/ ,
pentium3_4,533,2,29.7,250,9.5,123,data from the BalusC server 2007:  http://balusc.xs4all.nl/srv/har-cpu.html/ ,
pentium3_5,550,1.65,14.5,180,28,105.5,data from the BalusC server 2007:  http://balusc.xs4all.nl/srv/har-cpu.html/ ,
pentium3_6,550,2,30.8,250,9.5,123,data from the BalusC server 2007:  http://balusc.xs4all.nl/srv/har-cpu.html/ ,
pentium3_7,600,1.675,15.8,180,28,100.3333333,data from the BalusC server 2007:  http://balusc.xs4all.nl/srv/har-cpu.html/ ,
pentium3_8,600,1.675,15.8,180,28,100.3333333,data from the BalusC server 2007:  http://balusc.xs4all.nl/srv/har-cpu.html/ ,
pentium3_9,600,2.05,34.5,250,9.5,123,data from the BalusC server 2007:  http://balusc.xs4all.nl/srv/har-cpu.html/ ,
pentium3_10,600,2.05,34.5,250,9.5,123,data from the BalusC server 2007:  http://balusc.xs4all.nl/srv/har-cpu.html/ ,
pentium3_11,650,1.675,17,180,28,100.3333333,data from the BalusC server 2007:  http://balusc.xs4all.nl/srv/har-cpu.html/ ,
pentium3_12,667,1.675,17.5,180,28,100.3333333,data from the BalusC server 2007:  http://balusc.xs4all.nl/srv/har-cpu.html/ ,
pentium3_13,700,1.675,18.3,180,28,100.3333333,data from the BalusC server 2007:  http://balusc.xs4all.nl/srv/har-cpu.html/ ,
pentium3_14,733,1.675,19.1,180,28,100.3333333,data from the BalusC server 2007:  http://balusc.xs4all.nl/srv/har-cpu.html/ ,
pentium3_15,750,1.675,19.5,180,28,100.3333333,data from the BalusC server 2007:  http://balusc.xs4all.nl/srv/har-cpu.html/ ,
pentium3_16,800,1.675,20.8,180,28,100.3333333,data from the BalusC server 2007:  http://balusc.xs4all.nl/srv/har-cpu.html/ ,
pentium3_17,800,1.675,20.8,180,28,100.3333333,data from the BalusC server 2007:  http://balusc.xs4all.nl/srv/har-cpu.html/ ,
pentium3_18,850,1.675,22.5,180,28,97.5,data from the BalusC server 2007:  http://balusc.xs4all.nl/srv/har-cpu.html/ ,
pentium3_19,866,1.675,22.9,180,28,97.5,data from the BalusC server 2007:  http://balusc.xs4all.nl/srv/har-cpu.html/ ,
pentium3_20,933,1.65,25.5,180,28,97.5,data from the BalusC server 2007:  http://balusc.xs4all.nl/srv/har-cpu.html/ ,
pentium3_21,1000,1.7,26.1,180,28,90,data from the BalusC server 2007:  http://balusc.xs4all.nl/srv/har-cpu.html/ ,
pentium3_22,1000,1.7,26.1,180,28,97.5,data from the BalusC server 2007:  http://balusc.xs4all.nl/srv/har-cpu.html/ ,
pentium3_23,500,1.625,13.2,180,28,105.5,data from the BalusC server 2007:  http://balusc.xs4all.nl/srv/har-cpu.html/ ,
pentium3_24,533,1.625,14,180,28,105.5,data from the BalusC server 2007:  http://balusc.xs4all.nl/srv/har-cpu.html/ ,
pentium3_25,550,1.625,15.8,180,28,105.5,data from the BalusC server 2007:  http://balusc.xs4all.nl/srv/har-cpu.html/ ,
pentium3_26,600,1.7,14.5,180,28,96.66666667,data from the BalusC server 2007:  http://balusc.xs4all.nl/srv/har-cpu.html/ ,
pentium3_27,600,1.65,15.8,180,28,100.3333333,data from the BalusC server 2007:  http://balusc.xs4all.nl/srv/har-cpu.html/ ,
pentium3_28,650,1.65,17,180,28,100.3333333,data from the BalusC server 2007:  http://balusc.xs4all.nl/srv/har-cpu.html/ ,
pentium3_29,667,1.65,17.5,180,28,100.3333333,data from the BalusC server 2007:  http://balusc.xs4all.nl/srv/har-cpu.html/ ,
pentium3_30,700,1.65,18.3,180,28,100.3333333,data from the BalusC server 2007:  http://balusc.xs4all.nl/srv/har-cpu.html/ ,
pentium3_31,733,1.65,19.1,180,28,100.3333333,data from the BalusC server 2007:  http://balusc.xs4all.nl/srv/har-cpu.html/ ,
pentium3_32,750,1.65,19.5,180,28,100.3333333,data from the BalusC server 2007:  http://balusc.xs4all.nl/srv/har-cpu.html/ ,
pentium3_33,800,1.675,20.8,180,28,97.5,data from the BalusC server 2007:  http://balusc.xs4all.nl/srv/har-cpu.html/ ,
pentium3_34,800,1.7,20.8,180,28,96.66666667,data from the BalusC server 2007:  http://balusc.xs4all.nl/srv/har-cpu.html/ ,
pentium3_35,850,1.7,24.1,180,28,96.66666667,data from the BalusC server 2007:  http://balusc.xs4all.nl/srv/har-cpu.html/ ,
pentium3_36,866,1.7,24.5,180,28,96.66666667,data from the BalusC server 2007:  http://balusc.xs4all.nl/srv/har-cpu.html/ ,
pentium3_37,900,1.725,23.2,180,28,92.5,data from the BalusC server 2007:  http://balusc.xs4all.nl/srv/har-cpu.html/ ,
pentium3_38,933,1.7,26.4,180,28,96.66666667,data from the BalusC server 2007:  http://balusc.xs4all.nl/srv/har-cpu.html/ ,
pentium3_39,1000,1.75,29,180,28,95,data from the BalusC server 2007:  http://balusc.xs4all.nl/srv/har-cpu.html/ ,
pentium3_40,1000,1.725,27.55,180,28,92.5,data from the BalusC server 2007:  http://balusc.xs4all.nl/srv/har-cpu.html/ ,
pentium3_41,1100,1.75,33,180,28,95,data from the BalusC server 2007:  http://balusc.xs4all.nl/srv/har-cpu.html/ ,
pentium3_42,1133,1.75,37.5,180,28,95,data from the BalusC server 2007:  http://balusc.xs4all.nl/srv/har-cpu.html/ ,
pentium3_43,1000,1.625,28.3,130,44,87.5,data from the BalusC server 2007:  http://balusc.xs4all.nl/srv/har-cpu.html/ ,
pentium3_44,1133,1.5,29.1,130,44,80,data from the BalusC server 2007:  http://balusc.xs4all.nl/srv/har-cpu.html/ ,
pentium3_45,1133,1.5,28.3,130,44,80,data from the BalusC server 2007:  http://balusc.xs4all.nl/srv/har-cpu.html/ ,
pentium3_46,1200,1.5,29.9,130,44,80,data from the BalusC server 2007:  http://balusc.xs4all.nl/srv/har-cpu.html/ ,
pentium3_47,1266,1.5,29.95,130,44,80,data from the BalusC server 2007:  http://balusc.xs4all.nl/srv/har-cpu.html/ ,
pentium3_48,1333,1.5,29.9,130,44,80,data from the BalusC server 2007:  http://balusc.xs4all.nl/srv/har-cpu.html/ ,
pentium3_49,1400,1.5,31.2,130,44,80,data from the BalusC server 2007:  http://balusc.xs4all.nl/srv/har-cpu.html/ ,
pentium3_50,1400,1.5,31.7,130,44,80,data from the BalusC server 2007:  http://balusc.xs4all.nl/srv/har-cpu.html/ ,
pentium3_51,533,1.5,11.2,180,28,105,data from the BalusC server 2007:  http://balusc.xs4all.nl/srv/har-cpu.html/ ,
pentium3_52,566,1.6,11.9,180,28,97.5,data from the BalusC server 2007:  http://balusc.xs4all.nl/srv/har-cpu.html/ ,
pentium3_53,600,1.6,12.6,180,28,97.5,data from the BalusC server 2007:  http://balusc.xs4all.nl/srv/har-cpu.html/ ,
pentium3_54,633,1.6,18.35,180,28,97.5,data from the BalusC server 2007:  http://balusc.xs4all.nl/srv/har-cpu.html/ ,
pentium3_55,667,1.6,19.3,180,28,97.5,data from the BalusC server 2007:  http://balusc.xs4all.nl/srv/har-cpu.html/ ,
pentium3_56,700,1.6,20.1,180,28,97.5,data from the BalusC server 2007:  http://balusc.xs4all.nl/srv/har-cpu.html/ ,
pentium3_57,733,1.725,20.95,180,28,92.5,data from the BalusC server 2007:  http://balusc.xs4all.nl/srv/har-cpu.html/ ,
pentium3_58,766,1.725,21.8,180,28,92.5,data from the BalusC server 2007:  http://balusc.xs4all.nl/srv/har-cpu.html/ ,
pentium3_59,800,1.725,22.65,180,28,92.5,data from the BalusC server 2007:  http://balusc.xs4all.nl/srv/har-cpu.html/ ,
pentium3_60,850,1.725,24.1,180,28,92.5,data from the BalusC server 2007:  http://balusc.xs4all.nl/srv/har-cpu.html/ ,
pentium3_61,900,1.75,26.7,180,28,95,data from the BalusC server 2007:  http://balusc.xs4all.nl/srv/har-cpu.html/ ,
pentium3_62,950,1.75,28,180,28,95,data from the BalusC server 2007:  http://balusc.xs4all.nl/srv/har-cpu.html/ ,
pentium3_63,1000,1.75,29,180,28,95,data from the BalusC server 2007:  http://balusc.xs4all.nl/srv/har-cpu.html/ ,
pentium3_64,1100,1.75,33,180,28,95,data from the BalusC server 2007:  http://balusc.xs4all.nl/srv/har-cpu.html/ ,
pentium3_65,1000,1.475,28.65,130,44,80,data from the BalusC server 2007:  http://balusc.xs4all.nl/srv/har-cpu.html/ ,
pentium3_66,1100,1.475,29.2,130,44,80,data from the BalusC server 2007:  http://balusc.xs4all.nl/srv/har-cpu.html/ ,
pentium3_67,1200,1.4875,31,130,44,80,data from the BalusC server 2007:  http://balusc.xs4all.nl/srv/har-cpu.html/ ,
pentium3_68,1300,1.5,32.7,130,44,80,data from the BalusC server 2007:  http://balusc.xs4all.nl/srv/har-cpu.html/ ,
pentium3_69,1300,1.5,34,130,44,80,data from the BalusC server 2007:  http://balusc.xs4all.nl/srv/har-cpu.html/ ,
pentium3_86,400,1.35,10.1,180,28,105.5,data from the BalusC server 2007:  http://balusc.xs4all.nl/srv/har-cpu.html/ ,
pentium3_87,450,1.6,15.5,180,28,105.5,data from the BalusC server 2007:  http://balusc.xs4all.nl/srv/har-cpu.html/ ,
pentium3_88,500,1.6,16.8,180,28,100.3333333,data from the BalusC server 2007:  http://balusc.xs4all.nl/srv/har-cpu.html/ ,
pentium3_89,400,1.35,10.1,180,28,105.5,data from the BalusC server 2007:  http://balusc.xs4all.nl/srv/har-cpu.html/ ,
pentium3_90,450,1.6,15.5,180,28,100.3333333,data from the BalusC server 2007:  http://balusc.xs4all.nl/srv/har-cpu.html/ ,
pentium3_91,500,1.6,16.8,180,28,100.3333333,data from the BalusC server 2007:  http://balusc.xs4all.nl/srv/har-cpu.html/ ,
pentium3_92,500,1.35,12.2,180,28,97.5,data from the BalusC server 2007:  http://balusc.xs4all.nl/srv/har-cpu.html/ ,
pentium3_93,500,1.1,8.1,180,28,90,data from the BalusC server 2007:  http://balusc.xs4all.nl/srv/har-cpu.html/ ,
pentium3_94,550,1.6,18.4,180,28,97.5,data from the BalusC server 2007:  http://balusc.xs4all.nl/srv/har-cpu.html/ ,
pentium3_95,600,1.6,20,180,28,97.5,data from the BalusC server 2007:  http://balusc.xs4all.nl/srv/har-cpu.html/ ,
pentium3_96,600,1.35,14.4,180,28,95,data from the BalusC server 2007:  http://balusc.xs4all.nl/srv/har-cpu.html/ ,
pentium3_97,600,1.1,9.7,180,28,95,data from the BalusC server 2007:  http://balusc.xs4all.nl/srv/har-cpu.html/ ,
pentium3_98,650,1.6,21.5,180,28,97.5,data from the BalusC server 2007:  http://balusc.xs4all.nl/srv/har-cpu.html/ ,
pentium3_99,650,1.15,10.6,130,44,80,data from the BalusC server 2007:  http://balusc.xs4all.nl/srv/har-cpu.html/ ,
pentium3_100,650,1.1,7,130,44,80,data from the BalusC server 2007:  http://balusc.xs4all.nl/srv/har-cpu.html/ ,
pentium3_101,700,1.6,23,180,28,90,data from the BalusC server 2007:  http://balusc.xs4all.nl/srv/har-cpu.html/ ,
pentium3_102,700,1.1,7,130,44,80,data from the BalusC server 2007:  http://balusc.xs4all.nl/srv/har-cpu.html/ ,
pentium3_103,733,1.7,20.6,180,28,95,data from the BalusC server 2007:  http://balusc.xs4all.nl/srv/har-cpu.html/ ,
pentium3_104,733,1.15,11.2,130,44,80,data from the BalusC server 2007:  http://balusc.xs4all.nl/srv/har-cpu.html/ ,
pentium3_105,733,1.1,7,130,44,80,data from the BalusC server 2007:  http://balusc.xs4all.nl/srv/har-cpu.html/ ,
pentium3_106,750,1.6,24.6,180,28,92.5,data from the BalusC server 2007:  http://balusc.xs4all.nl/srv/har-cpu.html/ ,
pentium3_107,800,1.6,25.9,180,28,95,data from the BalusC server 2007:  http://balusc.xs4all.nl/srv/har-cpu.html/ ,
pentium3_108,800,1.7,22,180,28,95,data from the BalusC server 2007:  http://balusc.xs4all.nl/srv/har-cpu.html/ ,
pentium3_109,800,1.1,7,130,44,80,data from the BalusC server 2007:  http://balusc.xs4all.nl/srv/har-cpu.html/ ,
pentium3_110,850,1.6,27.5,180,28,95,data from the BalusC server 2007:  http://balusc.xs4all.nl/srv/har-cpu.html/ ,
pentium3_111,866,1.7,23.3,180,28,95,data from the BalusC server 2007:  http://balusc.xs4all.nl/srv/har-cpu.html/ ,
pentium3_112,866,1.15,9.61,130,44,80,data from the BalusC server 2007:  http://balusc.xs4all.nl/srv/har-cpu.html/ ,
pentium3_113,900,1.7,30.7,180,28,95,data from the BalusC server 2007:  http://balusc.xs4all.nl/srv/har-cpu.html/ ,
pentium3_114,933,1.7,24.6,180,28,95,data from the BalusC server 2007:  http://balusc.xs4all.nl/srv/har-cpu.html/ ,
pentium3_115,1000,1.4,22,130,44,80,data from the BalusC server 2007:  http://balusc.xs4all.nl/srv/har-cpu.html/ ,
pentium3_116,1066,1.45,23.2,130,44,80,data from the BalusC server 2007:  http://balusc.xs4all.nl/srv/har-cpu.html/ ,
pentium3_117,1133,1.45,23.8,130,44,80,data from the BalusC server 2007:  http://balusc.xs4all.nl/srv/har-cpu.html/ ,
pentium3_118,1200,1.45,24.4,130,44,80,data from the BalusC server 2007:  http://balusc.xs4all.nl/srv/har-cpu.html/ ,
pentium3_119,1266,1.4,22,130,44,80,data from the BalusC server 2007:  http://balusc.xs4all.nl/srv/har-cpu.html/ ,
pentium3_120,1333,1.5,19,130,44,80,data from the BalusC server 2007:  http://balusc.xs4all.nl/srv/har-cpu.html/ ,
pentium3_70,500,2,36,250,9.5,123,data from the BalusC server 2007:  http://balusc.xs4all.nl/srv/har-cpu.html/ ,
pentium3_71,500,2,44,250,9.5,123,data from the BalusC server 2007:  http://balusc.xs4all.nl/srv/har-cpu.html/ ,
pentium3_72,500,2,36.2,250,9.5,123,data from the BalusC server 2007:  http://balusc.xs4all.nl/srv/har-cpu.html/ ,
pentium3_73,550,2,34,250,9.5,123,data from the BalusC server 2007:  http://balusc.xs4all.nl/srv/har-cpu.html/ ,
pentium3_74,550,2,34,250,9.5,123,data from the BalusC server 2007:  http://balusc.xs4all.nl/srv/har-cpu.html/ ,
pentium3_75,550,2,39.5,250,9.5,123,data from the BalusC server 2007:  http://balusc.xs4all.nl/srv/har-cpu.html/ ,
pentium3_76,600,2.8,18.8,180,28,105,data from the BalusC server 2007:  http://balusc.xs4all.nl/srv/har-cpu.html/ ,
pentium3_77,667,2.8,20.8,180,28,105,data from the BalusC server 2007:  http://balusc.xs4all.nl/srv/har-cpu.html/ ,
pentium3_78,700,2.8,28.9,180,140,375,data from the BalusC server 2007:  http://balusc.xs4all.nl/srv/har-cpu.html/ ,
pentium3_79,700,2.8,28.9,180,140,375,data from the BalusC server 2007:  http://balusc.xs4all.nl/srv/har-cpu.html/ ,
pentium3_80,733,2.8,22.8,180,28,102.5,data from the BalusC server 2007:  http://balusc.xs4all.nl/srv/har-cpu.html/ ,
pentium3_81,800,2.8,28.5,180,28,102.5,data from the BalusC server 2007:  http://balusc.xs4all.nl/srv/har-cpu.html/ ,
pentium3_82,866,2.8,26.8,180,28,102.5,data from the BalusC server 2007:  http://balusc.xs4all.nl/srv/har-cpu.html/ ,
pentium3_83,900,2.8,39.3,180,140,375,data from the BalusC server 2007:  http://balusc.xs4all.nl/srv/har-cpu.html/ ,
pentium3_84,933,2.8,28.9,180,28,102.5,data from the BalusC server 2007:  http://balusc.xs4all.nl/srv/har-cpu.html/ ,
pentium3_85,1000,2.8,30.2,180,28,100,data from the BalusC server 2007:  http://balusc.xs4all.nl/srv/har-cpu.html/ ,
Itanium_5,900,1.1875,90,180,221,421,data from the BalusC server 2007:  http://balusc.xs4all.nl/srv/har-cpu.html/ ,
Itanium_6,1000,1.1875,100,180,221,421,data from the BalusC server 2007:  http://balusc.xs4all.nl/srv/har-cpu.html/ ,
Itanium_7,1000,1.1875,62,180,221,421,data from the BalusC server 2007:  http://balusc.xs4all.nl/srv/har-cpu.html/ ,
Itanium_8,1300,1.1875,97,130,410,374,data from the BalusC server 2007:  http://balusc.xs4all.nl/srv/har-cpu.html/ ,
Itanium_9,1300,1.1875,62,130,410,374,data from the BalusC server 2007:  http://balusc.xs4all.nl/srv/har-cpu.html/ ,
Itanium_10,1400,1.1875,91,130,410,374,data from the BalusC server 2007:  http://balusc.xs4all.nl/srv/har-cpu.html/ ,
Itanium_11,1400,1.325,99,130,410,374,data from the BalusC server 2007:  http://balusc.xs4all.nl/srv/har-cpu.html/ ,
Itanium_12,1400,1.325,99,130,410,374,data from the BalusC server 2007:  http://balusc.xs4all.nl/srv/har-cpu.html/ ,
Itanium_13,1500,1.1875,107,130,410,374,data from the BalusC server 2007:  http://balusc.xs4all.nl/srv/har-cpu.html/ ,
Itanium_14,1600,1.1875,122,130,410,374,data from the BalusC server 2007:  http://balusc.xs4all.nl/srv/har-cpu.html/ ,
Itanium_15,1600,1.1875,130,130,592,432,data from the BalusC server 2007:  http://balusc.xs4all.nl/srv/har-cpu.html/ ,
Itanium_16,1600,1.325,99,130,410,374,data from the BalusC server 2007:  http://balusc.xs4all.nl/srv/har-cpu.html/ ,
Itanium_17,1600,1.325,99,130,410,374,data from the BalusC server 2007:  http://balusc.xs4all.nl/srv/har-cpu.html/ ,
AMDAthalon_1,500,1.6,42,250,22,184,data from the BalusC server 2007:  http://balusc.xs4all.nl/srv/har-cpu.html/ ,
AMDAthalon_10,700,1.6,50,250,22,184,data from the BalusC server 2007:  http://balusc.xs4all.nl/srv/har-cpu.html/ ,
AMDAthalon_100,2400,1.375,89,90,76,84,data from the BalusC server 2007:  http://balusc.xs4all.nl/srv/har-cpu.html/ ,
AMDAthalon_101,2400,1.5,89,130,105.9,193,data from the BalusC server 2007:  http://balusc.xs4all.nl/srv/har-cpu.html/ ,
AMDAthalon_102,2400,1.35,89,90,114,115,data from the BalusC server 2007:  http://balusc.xs4all.nl/srv/har-cpu.html/ ,
AMDAthalon_103,2600,1.375,89,90,114,115,data from the BalusC server 2007:  http://balusc.xs4all.nl/srv/har-cpu.html/ ,
AMDAthalon_104,2400,1.5,89,130,105.9,193,data from the BalusC server 2007:  http://balusc.xs4all.nl/srv/har-cpu.html/ ,
AMDAthalon_105,2600,1.5,104,130,105.9,193,data from the BalusC server 2007:  http://balusc.xs4all.nl/srv/har-cpu.html/ ,
AMDAthalon_106,2600,1.375,104,90,114,115,data from the BalusC server 2007:  http://balusc.xs4all.nl/srv/har-cpu.html/ ,
AMDAthalon_107,2800,1.375,104,90,114,115,data from the BalusC server 2007:  http://balusc.xs4all.nl/srv/har-cpu.html/ ,
AMDAthalon_108,2200,1.5,89,130,105.9,193,data from the BalusC server 2007:  http://balusc.xs4all.nl/srv/har-cpu.html/ ,
AMDAthalon_109,2400,1.5,89,130,105.9,193,data from the BalusC server 2007:  http://balusc.xs4all.nl/srv/har-cpu.html/ ,
AMDAthalon_11,700,1.6,39,180,22,102,data from the BalusC server 2007:  http://balusc.xs4all.nl/srv/har-cpu.html/ ,
AMDAthalon_110,1800,1.3,62,90,129,126,data from the BalusC server 2007:  http://balusc.xs4all.nl/srv/har-cpu.html/ ,
AMDAthalon_111,2000,1.3,62,90,129,126,data from the BalusC server 2007:  http://balusc.xs4all.nl/srv/har-cpu.html/ ,
AMDAthalon_112,2200,1.3,48.5,90,129,126,data from the BalusC server 2007:  http://balusc.xs4all.nl/srv/har-cpu.html/ ,
AMDAthalon_113,2400,1.2,62,90,129,126,data from the BalusC server 2007:  http://balusc.xs4all.nl/srv/har-cpu.html/ ,
AMDAthalon_12,750,1.7,40.4,180,37,120,data from the BalusC server 2007:  http://balusc.xs4all.nl/srv/har-cpu.html/ ,
AMDAthalon_13,750,1.6,40,180,22,102,data from the BalusC server 2007:  http://balusc.xs4all.nl/srv/har-cpu.html/ ,
AMDAthalon_14,800,1.7,42.6,180,37,120,data from the BalusC server 2007:  http://balusc.xs4all.nl/srv/har-cpu.html/ ,
AMDAthalon_15,800,1.7,48,180,22,102,data from the BalusC server 2007:  http://balusc.xs4all.nl/srv/har-cpu.html/ ,
AMDAthalon_16,850,1.7,44.8,180,37,120,data from the BalusC server 2007:  http://balusc.xs4all.nl/srv/har-cpu.html/ ,
AMDAthalon_17,850,1.7,50,180,22,102,data from the BalusC server 2007:  http://balusc.xs4all.nl/srv/har-cpu.html/ ,
AMDAthalon_18,900,1.75,49.7,180,37,120,data from the BalusC server 2007:  http://balusc.xs4all.nl/srv/har-cpu.html/ ,
AMDAthalon_19,900,1.8,60,180,22,102,data from the BalusC server 2007:  http://balusc.xs4all.nl/srv/har-cpu.html/ ,
AMDAthalon_2,550,1.6,46,250,22,184,data from the BalusC server 2007:  http://balusc.xs4all.nl/srv/har-cpu.html/ ,
AMDAthalon_20,950,1.75,52,180,37,120,data from the BalusC server 2007:  http://balusc.xs4all.nl/srv/har-cpu.html/ ,
AMDAthalon_21,950,1.8,62,180,22,102,data from the BalusC server 2007:  http://balusc.xs4all.nl/srv/har-cpu.html/ ,
AMDAthalon_22,1000,1.75,54.3,180,37,120,data from the BalusC server 2007:  http://balusc.xs4all.nl/srv/har-cpu.html/ ,
AMDAthalon_23,1000,1.8,65,180,22,102,data from the BalusC server 2007:  http://balusc.xs4all.nl/srv/har-cpu.html/ ,
AMDAthalon_24,700,1.725,39.15,130,37.2,120,data from the BalusC server 2007:  http://balusc.xs4all.nl/srv/har-cpu.html/ ,
AMDAthalon_25,750,1.725,41.7,130,37.2,120,data from the BalusC server 2007:  http://balusc.xs4all.nl/srv/har-cpu.html/ ,
AMDAthalon_26,800,1.725,43.8,180,37,120,data from the BalusC server 2007:  http://balusc.xs4all.nl/srv/har-cpu.html/ ,
AMDAthalon_27,850,1.725,45.9,180,37,120,data from the BalusC server 2007:  http://balusc.xs4all.nl/srv/har-cpu.html/ ,
AMDAthalon_28,900,1.75,50,180,37,120,data from the BalusC server 2007:  http://balusc.xs4all.nl/srv/har-cpu.html/ ,
AMDAthalon_29,950,1.75,52,180,37,120,data from the BalusC server 2007:  http://balusc.xs4all.nl/srv/har-cpu.html/ ,
AMDAthalon_3,550,1.6,31,180,22,102,data from the BalusC server 2007:  http://balusc.xs4all.nl/srv/har-cpu.html/ ,
AMDAthalon_30,1000,1.75,54.3,180,37,120,data from the BalusC server 2007:  http://balusc.xs4all.nl/srv/har-cpu.html/ ,
AMDAthalon_31,1000,1.75,54,180,37,120,data from the BalusC server 2007:  http://balusc.xs4all.nl/srv/har-cpu.html/ ,
AMDAthalon_32,1100,1.75,60,180,37,120,data from the BalusC server 2007:  http://balusc.xs4all.nl/srv/har-cpu.html/ ,
AMDAthalon_33,1133,1.75,63,180,37,120,data from the BalusC server 2007:  http://balusc.xs4all.nl/srv/har-cpu.html/ ,
AMDAthalon_34,1200,1.75,66,180,37,120,data from the BalusC server 2007:  http://balusc.xs4all.nl/srv/har-cpu.html/ ,
AMDAthalon_35,1200,1.75,66,180,37,120,data from the BalusC server 2007:  http://balusc.xs4all.nl/srv/har-cpu.html/ ,
AMDAthalon_36,1300,1.75,68,180,37,120,data from the BalusC server 2007:  http://balusc.xs4all.nl/srv/har-cpu.html/ ,
AMDAthalon_37,1333,1.75,70,180,37,120,data from the BalusC server 2007:  http://balusc.xs4all.nl/srv/har-cpu.html/ ,
AMDAthalon_38,1400,1.75,72,180,37,120,data from the BalusC server 2007:  http://balusc.xs4all.nl/srv/har-cpu.html/ ,
AMDAthalon_39,1400,1.75,72,180,37,120,data from the BalusC server 2007:  http://balusc.xs4all.nl/srv/har-cpu.html/ ,
AMDAthalon_4,600,1.6,50,250,22,184,data from the BalusC server 2007:  http://balusc.xs4all.nl/srv/har-cpu.html/ ,
AMDAthalon_40,1333,1.75,60,180,37.5,130,data from the BalusC server 2007:  http://balusc.xs4all.nl/srv/har-cpu.html/ ,
AMDAthalon_41,1400,1.75,62.8,180,37.5,130,data from the BalusC server 2007:  http://balusc.xs4all.nl/srv/har-cpu.html/ ,
AMDAthalon_42,1400,1.6,48.5,130,37.2,85,data from the BalusC server 2007:  http://balusc.xs4all.nl/srv/har-cpu.html/ ,
AMDAthalon_43,1466,1.75,64,180,37.5,130,data from the BalusC server 2007:  http://balusc.xs4all.nl/srv/har-cpu.html/ ,
AMDAthalon_44,1466,1.55,49.4,130,37.2,83,data from the BalusC server 2007:  http://balusc.xs4all.nl/srv/har-cpu.html/ ,
AMDAthalon_45,1533,1.75,66,180,37.5,130,data from the BalusC server 2007:  http://balusc.xs4all.nl/srv/har-cpu.html/ ,
AMDAthalon_46,1533,1.55,51,130,37.2,83,data from the BalusC server 2007:  http://balusc.xs4all.nl/srv/har-cpu.html/ ,
AMDAthalon_47,1600,1.75,68,180,37.5,130,data from the BalusC server 2007:  http://balusc.xs4all.nl/srv/har-cpu.html/ ,
AMDAthalon_48,1600,1.55,52.5,130,37.2,83,data from the BalusC server 2007:  http://balusc.xs4all.nl/srv/har-cpu.html/ ,
AMDAthalon_49,1666,1.75,70,180,37.5,130,data from the BalusC server 2007:  http://balusc.xs4all.nl/srv/har-cpu.html/ ,
AMDAthalon_5,600,1.6,34,180,22,102,data from the BalusC server 2007:  http://balusc.xs4all.nl/srv/har-cpu.html/ ,
AMDAthalon_50,1666,1.625,60.3,130,37.2,83,data from the BalusC server 2007:  http://balusc.xs4all.nl/srv/har-cpu.html/ ,
AMDAthalon_51,1666,1.55,60.3,130,54.3,101,data from the BalusC server 2007:  http://balusc.xs4all.nl/srv/har-cpu.html/ ,
AMDAthalon_52,1733,1.75,72,180,37.5,130,data from the BalusC server 2007:  http://balusc.xs4all.nl/srv/har-cpu.html/ ,
AMDAthalon_53,1733,1.6,62.1,130,37.2,83,data from the BalusC server 2007:  http://balusc.xs4all.nl/srv/har-cpu.html/ ,
AMDAthalon_54,1800,1.625,65.35,130,37.2,83,data from the BalusC server 2007:  http://balusc.xs4all.nl/srv/har-cpu.html/ ,
AMDAthalon_55,1800,1.55,62.8,130,54.3,101,data from the BalusC server 2007:  http://balusc.xs4all.nl/srv/har-cpu.html/ ,
AMDAthalon_56,2000,1.65,68.3,130,37.2,85,data from the BalusC server 2007:  http://balusc.xs4all.nl/srv/har-cpu.html/ ,
AMDAthalon_57,2000,1.65,68.3,130,54.3,101,data from the BalusC server 2007:  http://balusc.xs4all.nl/srv/har-cpu.html/ ,
AMDAthalon_58,1867,1.65,68.3,130,54.3,101,data from the BalusC server 2007:  http://balusc.xs4all.nl/srv/har-cpu.html/ ,
AMDAthalon_59,1833,1.65,68.3,130,54.3,101,data from the BalusC server 2007:  http://balusc.xs4all.nl/srv/har-cpu.html/ ,
AMDAthalon_6,650,1.7,36.1,180,37,120,data from the BalusC server 2007:  http://balusc.xs4all.nl/srv/har-cpu.html/ ,
AMDAthalon_60,2000,1.65,68.3,130,54.3,101,data from the BalusC server 2007:  http://balusc.xs4all.nl/srv/har-cpu.html/ ,
AMDAthalon_61,2133,1.65,68.3,130,37.2,85,data from the BalusC server 2007:  http://balusc.xs4all.nl/srv/har-cpu.html/ ,
AMDAthalon_62,2133,1.65,68.3,130,54.3,101,data from the BalusC server 2007:  http://balusc.xs4all.nl/srv/har-cpu.html/ ,
AMDAthalon_63,1917,1.65,68.3,130,54.3,101,data from the BalusC server 2007:  http://balusc.xs4all.nl/srv/har-cpu.html/ ,
AMDAthalon_64,2083,1.65,68.3,130,37.2,85,data from the BalusC server 2007:  http://balusc.xs4all.nl/srv/har-cpu.html/ ,
AMDAthalon_65,2083,1.65,68.3,130,54.3,101,data from the BalusC server 2007:  http://balusc.xs4all.nl/srv/har-cpu.html/ ,
AMDAthalon_66,2166,1.65,68.3,130,37.2,85,data from the BalusC server 2007:  http://balusc.xs4all.nl/srv/har-cpu.html/ ,
AMDAthalon_67,2250,1.65,74.3,130,37.2,85,data from the BalusC server 2007:  http://balusc.xs4all.nl/srv/har-cpu.html/ ,
AMDAthalon_68,2083,1.65,68.3,130,54.3,101,data from the BalusC server 2007:  http://balusc.xs4all.nl/srv/har-cpu.html/ ,
AMDAthalon_69,2083,1.65,68.3,130,54.3,101,data from the BalusC server 2007:  http://balusc.xs4all.nl/srv/har-cpu.html/ ,
AMDAthalon_7,650,1.6,54,250,22,184,data from the BalusC server 2007:  http://balusc.xs4all.nl/srv/har-cpu.html/ ,
AMDAthalon_70,2000,1.65,68.3,130,54.3,101,data from the BalusC server 2007:  http://balusc.xs4all.nl/srv/har-cpu.html/ ,
AMDAthalon_71,2166,1.65,68.3,130,54.3,101,data from the BalusC server 2007:  http://balusc.xs4all.nl/srv/har-cpu.html/ ,
AMDAthalon_72,2100,1.65,68.3,130,54.3,101,data from the BalusC server 2007:  http://balusc.xs4all.nl/srv/har-cpu.html/ ,
AMDAthalon_73,2200,1.65,68.3,130,54.3,101,data from the BalusC server 2007:  http://balusc.xs4all.nl/srv/har-cpu.html/ ,
AMDAthalon_74,2333,1.65,76.8,130,54.3,101,data from the BalusC server 2007:  http://balusc.xs4all.nl/srv/har-cpu.html/ ,
AMDAthalon_75,2200,1.65,76.8,130,54.3,101,data from the BalusC server 2007:  http://balusc.xs4all.nl/srv/har-cpu.html/ ,
AMDAthalon_76,1800,1.5,89,130,105.9,193,data from the BalusC server 2007:  http://balusc.xs4all.nl/srv/har-cpu.html/ ,
AMDAthalon_77,1800,1.5,89,130,68.5,144,data from the BalusC server 2007:  http://balusc.xs4all.nl/srv/har-cpu.html/ ,
AMDAthalon_78,2000,1.5,89,130,105.9,193,data from the BalusC server 2007:  http://balusc.xs4all.nl/srv/har-cpu.html/ ,
AMDAthalon_79,2000,1.5,89,130,68.5,144,data from the BalusC server 2007:  http://balusc.xs4all.nl/srv/har-cpu.html/ ,
AMDAthalon_8,650,1.6,36,180,22,102,data from the BalusC server 2007:  http://balusc.xs4all.nl/srv/har-cpu.html/ ,
AMDAthalon_80,2000,1.4,51,90,76,84,data from the BalusC server 2007:  http://balusc.xs4all.nl/srv/har-cpu.html/ ,
AMDAthalon_81,2000,1.5,89,130,105.9,193,data from the BalusC server 2007:  http://balusc.xs4all.nl/srv/har-cpu.html/ ,
AMDAthalon_82,2200,1.5,89,130,68.5,144,data from the BalusC server 2007:  http://balusc.xs4all.nl/srv/har-cpu.html/ ,
AMDAthalon_83,2200,1.4,59,90,76,84,data from the BalusC server 2007:  http://balusc.xs4all.nl/srv/har-cpu.html/ ,
AMDAthalon_84,2200,1.5,89,130,105.9,193,data from the BalusC server 2007:  http://balusc.xs4all.nl/srv/har-cpu.html/ ,
AMDAthalon_85,2400,1.5,89,130,68.5,144,data from the BalusC server 2007:  http://balusc.xs4all.nl/srv/har-cpu.html/ ,
AMDAthalon_86,2400,1.5,89,130,105.9,193,data from the BalusC server 2007:  http://balusc.xs4all.nl/srv/har-cpu.html/ ,
AMDAthalon_87,1800,1.4,67,90,68.5,84,data from the BalusC server 2007:  http://balusc.xs4all.nl/srv/har-cpu.html/ ,
AMDAthalon_88,1800,1.375,67,90,76,84,data from the BalusC server 2007:  http://balusc.xs4all.nl/srv/har-cpu.html/ ,
AMDAthalon_89,2000,1.4,67,90,68.5,84,data from the BalusC server 2007:  http://balusc.xs4all.nl/srv/har-cpu.html/ ,
AMDAthalon_9,700,1.7,38.3,180,37,120,data from the BalusC server 2007:  http://balusc.xs4all.nl/srv/har-cpu.html/ ,
AMDAthalon_90,2000,1.375,67,90,76,84,data from the BalusC server 2007:  http://balusc.xs4all.nl/srv/har-cpu.html/ ,
AMDAthalon_91,2000,1.35,67,90,154,147,data from the BalusC server 2007:  http://balusc.xs4all.nl/srv/har-cpu.html/ ,
AMDAthalon_92,2200,1.5,89,130,105.9,193,data from the BalusC server 2007:  http://balusc.xs4all.nl/srv/har-cpu.html/ ,
AMDAthalon_93,2200,1.5,89,130,68.5,144,data from the BalusC server 2007:  http://balusc.xs4all.nl/srv/har-cpu.html/ ,
AMDAthalon_94,2200,1.4,67,90,68.5,84,data from the BalusC server 2007:  http://balusc.xs4all.nl/srv/har-cpu.html/ ,
AMDAthalon_95,2200,1.375,67,90,114,115,data from the BalusC server 2007:  http://balusc.xs4all.nl/srv/har-cpu.html/ ,
AMDAthalon_96,2200,1.375,67,90,76,84,data from the BalusC server 2007:  http://balusc.xs4all.nl/srv/har-cpu.html/ ,
AMDAthalon_97,2200,1.35,67,90,154,147,data from the BalusC server 2007:  http://balusc.xs4all.nl/srv/har-cpu.html/ ,
AMDAthalon_98,2200,1.35,89,90,114,115,data from the BalusC server 2007:  http://balusc.xs4all.nl/srv/har-cpu.html/ ,
AMDAthalon_99,2400,1.5,89,130,68.5,144,data from the BalusC server 2007:  http://balusc.xs4all.nl/srv/har-cpu.html/ ,
AMDDuron/Sentron_1,600,1.6,27.4,180,25,100,data from the BalusC server 2007:  http://balusc.xs4all.nl/srv/har-cpu.html/ ,
AMDDuron/Sentron_10,950,1.75,44.4,180,25.2,106,data from the BalusC server 2007:  http://balusc.xs4all.nl/srv/har-cpu.html/ ,
AMDDuron/Sentron_11,1000,1.75,46.1,180,25.2,106,data from the BalusC server 2007:  http://balusc.xs4all.nl/srv/har-cpu.html/ ,
AMDDuron/Sentron_12,1100,1.75,50.3,180,25.2,106,data from the BalusC server 2007:  http://balusc.xs4all.nl/srv/har-cpu.html/ ,
AMDDuron/Sentron_13,1200,1.75,54.7,180,25.2,106,data from the BalusC server 2007:  http://balusc.xs4all.nl/srv/har-cpu.html/ ,
AMDDuron/Sentron_14,1300,1.75,60,180,25.2,106,data from the BalusC server 2007:  http://balusc.xs4all.nl/srv/har-cpu.html/ ,
AMDDuron/Sentron_15,1400,1.5,57,130,37.2,85,data from the BalusC server 2007:  http://balusc.xs4all.nl/srv/har-cpu.html/ ,
AMDDuron/Sentron_16,1600,1.5,57,130,37.2,85,data from the BalusC server 2007:  http://balusc.xs4all.nl/srv/har-cpu.html/ ,
AMDDuron/Sentron_17,1800,1.5,57,130,37.2,85,data from the BalusC server 2007:  http://balusc.xs4all.nl/srv/har-cpu.html/ ,
AMDDuron/Sentron_18,1500,1.6,62,130,37.2,85,data from the BalusC server 2007:  http://balusc.xs4all.nl/srv/har-cpu.html/ ,
AMDDuron/Sentron_19,1500,1.6,62,130,54.3,101,data from the BalusC server 2007:  http://balusc.xs4all.nl/srv/har-cpu.html/ ,
AMDDuron/Sentron_2,650,1.6,29.4,180,25,100,data from the BalusC server 2007:  http://balusc.xs4all.nl/srv/har-cpu.html/ ,
AMDDuron/Sentron_20,1583,1.6,62,130,37.2,85,data from the BalusC server 2007:  http://balusc.xs4all.nl/srv/har-cpu.html/ ,
AMDDuron/Sentron_21,1666,1.6,62,130,37.2,85,data from the BalusC server 2007:  http://balusc.xs4all.nl/srv/har-cpu.html/ ,
AMDDuron/Sentron_22,1750,1.6,62,130,37.2,85,data from the BalusC server 2007:  http://balusc.xs4all.nl/srv/har-cpu.html/ ,
AMDDuron/Sentron_23,1833,1.6,62,130,37.2,85,data from the BalusC server 2007:  http://balusc.xs4all.nl/srv/har-cpu.html/ ,
AMDDuron/Sentron_24,2000,1.6,62,130,37.2,85,data from the BalusC server 2007:  http://balusc.xs4all.nl/srv/har-cpu.html/ ,
AMDDuron/Sentron_25,2000,1.6,62,130,54.3,101,data from the BalusC server 2007:  http://balusc.xs4all.nl/srv/har-cpu.html/ ,
AMDDuron/Sentron_26,2000,1.6,62,130,54.3,101,data from the BalusC server 2007:  http://balusc.xs4all.nl/srv/har-cpu.html/ ,
AMDDuron/Sentron_27,1400,1.3,62,90,76,84,data from the BalusC server 2007:  http://balusc.xs4all.nl/srv/har-cpu.html/ ,
AMDDuron/Sentron_28,1600,1.4,62,90,72.25,84,data from the BalusC server 2007:  http://balusc.xs4all.nl/srv/har-cpu.html/ ,
AMDDuron/Sentron_29,1600,1.4,62,90,68.5,84,data from the BalusC server 2007:  http://balusc.xs4all.nl/srv/har-cpu.html/ ,
AMDDuron/Sentron_3,700,1.6,31.4,180,25,100,data from the BalusC server 2007:  http://balusc.xs4all.nl/srv/har-cpu.html/ ,
AMDDuron/Sentron_30,1600,1.4,62,90,72.25,84,data from the BalusC server 2007:  http://balusc.xs4all.nl/srv/har-cpu.html/ ,
AMDDuron/Sentron_31,1800,1.4,62,130,68.5,144,data from the BalusC server 2007:  http://balusc.xs4all.nl/srv/har-cpu.html/ ,
AMDDuron/Sentron_32,1800,1.4,62,90,72.25,84,data from the BalusC server 2007:  http://balusc.xs4all.nl/srv/har-cpu.html/ ,
AMDDuron/Sentron_33,1800,1.4,62,130,68.5,144,data from the BalusC server 2007:  http://balusc.xs4all.nl/srv/har-cpu.html/ ,
AMDDuron/Sentron_34,1800,1.4,62,90,72.25,84,data from the BalusC server 2007:  http://balusc.xs4all.nl/srv/har-cpu.html/ ,
AMDDuron/Sentron_35,2000,1.4,62,90,72.25,84,data from the BalusC server 2007:  http://balusc.xs4all.nl/srv/har-cpu.html/ ,
AMDDuron/Sentron_36,2000,1.4,62,90,76,84,data from the BalusC server 2007:  http://balusc.xs4all.nl/srv/har-cpu.html/ ,
AMDDuron/Sentron_37,1800,1.4,62,90,76,84,data from the BalusC server 2007:  http://balusc.xs4all.nl/srv/har-cpu.html/ ,
AMDDuron/Sentron_38,1800,1.375,62,90,76,84,data from the BalusC server 2007:  http://balusc.xs4all.nl/srv/har-cpu.html/ ,
AMDDuron/Sentron_39,2000,1.375,62,90,76,84,data from the BalusC server 2007:  http://balusc.xs4all.nl/srv/har-cpu.html/ ,
AMDDuron/Sentron_4,750,1.6,33.4,180,25,100,data from the BalusC server 2007:  http://balusc.xs4all.nl/srv/har-cpu.html/ ,
AMDDuron/Sentron_40,1600,1.375,62,90,103,81,data from the BalusC server 2007:  http://balusc.xs4all.nl/srv/har-cpu.html/ ,
AMDDuron/Sentron_41,1600,1.3,48.5,90,103,81,data from the BalusC server 2007:  http://balusc.xs4all.nl/srv/har-cpu.html/ ,
AMDDuron/Sentron_42,1800,1.2,48.5,90,103,81,data from the BalusC server 2007:  http://balusc.xs4all.nl/srv/har-cpu.html/ ,
AMDDuron/Sentron_43,1800,1.2,48.5,90,103,81,data from the BalusC server 2007:  http://balusc.xs4all.nl/srv/har-cpu.html/ ,
AMDDuron/Sentron_44,2000,1.2,48.5,90,103,81,data from the BalusC server 2007:  http://balusc.xs4all.nl/srv/har-cpu.html/ ,
AMDDuron/Sentron_45,2000,1.2,62,90,103,81,data from the BalusC server 2007:  http://balusc.xs4all.nl/srv/har-cpu.html/ ,
AMDDuron/Sentron_5,800,1.6,35.4,180,25,100,data from the BalusC server 2007:  http://balusc.xs4all.nl/srv/har-cpu.html/ ,
AMDDuron/Sentron_6,850,1.6,37.4,180,25,100,data from the BalusC server 2007:  http://balusc.xs4all.nl/srv/har-cpu.html/ ,
AMDDuron/Sentron_7,900,1.6,39.5,180,25,100,data from the BalusC server 2007:  http://balusc.xs4all.nl/srv/har-cpu.html/ ,
AMDDuron/Sentron_8,900,1.75,42.7,180,25.2,106,data from the BalusC server 2007:  http://balusc.xs4all.nl/srv/har-cpu.html/ ,
AMDDuron/Sentron_9,950,1.6,41.5,180,25,100,data from the BalusC server 2007:  http://balusc.xs4all.nl/srv/har-cpu.html/ ,
AMDK6_1,75,3.52,11.6,500,4.3,271,data from the BalusC server 2007:  http://balusc.xs4all.nl/srv/har-cpu.html/ ,
AMDK6_10,233,2.7,20.9,300,8.8,115,data from the BalusC server 2007:  http://balusc.xs4all.nl/srv/har-cpu.html/ ,
AMDK6_11,266,2.2,14.55,250,8.8,68,data from the BalusC server 2007:  http://balusc.xs4all.nl/srv/har-cpu.html/ ,
AMDK6_12,300,2.2,15.4,250,8.8,68,data from the BalusC server 2007:  http://balusc.xs4all.nl/srv/har-cpu.html/ ,
AMDK6_13,266,2.2,14.7,250,9.3,81,data from the BalusC server 2007:  http://balusc.xs4all.nl/srv/har-cpu.html/ ,
AMDK6_14,300,2.2,17.2,250,9.3,81,data from the BalusC server 2007:  http://balusc.xs4all.nl/srv/har-cpu.html/ ,
AMDK6_15,300,2.2,17.2,250,9.3,81,data from the BalusC server 2007:  http://balusc.xs4all.nl/srv/har-cpu.html/ ,
AMDK6_16,300,2.2,17.2,250,9.3,81,data from the BalusC server 2007:  http://balusc.xs4all.nl/srv/har-cpu.html/ ,
AMDK6_17,333,2.2,19,250,9.3,81,data from the BalusC server 2007:  http://balusc.xs4all.nl/srv/har-cpu.html/ ,
AMDK6_18,333,2.2,19,250,9.3,81,data from the BalusC server 2007:  http://balusc.xs4all.nl/srv/har-cpu.html/ ,
AMDK6_19,333,2.2,19,250,9.3,81,data from the BalusC server 2007:  http://balusc.xs4all.nl/srv/har-cpu.html/ ,
AMDK6_2,90,3.52,12.3,350,4.3,181,data from the BalusC server 2007:  http://balusc.xs4all.nl/srv/har-cpu.html/ ,
AMDK6_20,350,2.2,19.95,250,9.3,81,data from the BalusC server 2007:  http://balusc.xs4all.nl/srv/har-cpu.html/ ,
AMDK6_21,350,2.2,19.95,250,9.3,81,data from the BalusC server 2007:  http://balusc.xs4all.nl/srv/har-cpu.html/ ,
AMDK6_22,366,2.2,20.8,250,9.3,81,data from the BalusC server 2007:  http://balusc.xs4all.nl/srv/har-cpu.html/ ,
AMDK6_23,380,2.2,21.6,250,9.3,81,data from the BalusC server 2007:  http://balusc.xs4all.nl/srv/har-cpu.html/ ,
AMDK6_24,400,2.2,16.9,250,9.3,81,data from the BalusC server 2007:  http://balusc.xs4all.nl/srv/har-cpu.html/ ,
AMDK6_25,450,2.3,23.6,250,9.3,81,data from the BalusC server 2007:  http://balusc.xs4all.nl/srv/har-cpu.html/ ,
AMDK6_26,475,2.3,24.7,250,9.3,81,data from the BalusC server 2007:  http://balusc.xs4all.nl/srv/har-cpu.html/ ,
AMDK6_27,500,2.2,20.75,250,9.3,81,data from the BalusC server 2007:  http://balusc.xs4all.nl/srv/har-cpu.html/ ,
AMDK6_28,533,2.2,20.75,250,9.3,81,data from the BalusC server 2007:  http://balusc.xs4all.nl/srv/har-cpu.html/ ,
AMDK6_29,550,2.2,25,250,9.3,81,data from the BalusC server 2007:  http://balusc.xs4all.nl/srv/har-cpu.html/ ,
AMDK6_3,90,3.52,13.9,350,4.3,161,data from the BalusC server 2007:  http://balusc.xs4all.nl/srv/har-cpu.html/ ,
AMDK6_30,400,2.3,22.45,250,21.3,118,data from the BalusC server 2007:  http://balusc.xs4all.nl/srv/har-cpu.html/ ,
AMDK6_31,450,2.3,24.85,250,21.3,118,data from the BalusC server 2007:  http://balusc.xs4all.nl/srv/har-cpu.html/ ,
AMDK6_4,100,3.52,15.4,350,4.3,161,data from the BalusC server 2007:  http://balusc.xs4all.nl/srv/har-cpu.html/ ,
AMDK6_5,100,3.52,13.7,350,4.3,181,data from the BalusC server 2007:  http://balusc.xs4all.nl/srv/har-cpu.html/ ,
AMDK6_6,100,3.52,13.7,350,4.3,181,data from the BalusC server 2007:  http://balusc.xs4all.nl/srv/har-cpu.html/ ,
AMDK6_7,116,3.52,16,350,4.3,181,data from the BalusC server 2007:  http://balusc.xs4all.nl/srv/har-cpu.html/ ,
AMDK6_8,166,2.9,17.2,350,8.8,162,data from the BalusC server 2007:  http://balusc.xs4all.nl/srv/har-cpu.html/ ,
AMDK6_9,200,2.55,16.225,300,8.8,115,data from the BalusC server 2007:  http://balusc.xs4all.nl/srv/har-cpu.html/ ,
4004,0.108,5,0.2,10000,0.0023,13.5,"data from Moore 2003 and ICKnowledge 2004, http://www.icknowledge.com/history/history.html",
8008,0.2,5,0.3,10000,0.0035,15.2,"data from Moore 2003 and ICKnowledge 2004, http://www.icknowledge.com/history/history.html",
8080,2,5,0.5,6000,0.006,20,"data from Moore 2003 and ICKnowledge 2004, http://www.icknowledge.com/history/history.html",
8088,10,5,2.5,3000,0.029,28.6,"data from Moore 2003 and ICKnowledge 2004, http://www.icknowledge.com/history/history.html",
80286,12,5,3,1500,0.134,68.7,"data from Moore 2003 and ICKnowledge 2004, http://www.icknowledge.com/history/history.html",
80386,33,5,1.9,1500,0.275,104,"data from Moore 2003 and ICKnowledge 2004, http://www.icknowledge.com/history/history.html",
80486,50,5,3.2,1000,1.2,163,"data from Moore 2003 and ICKnowledge 2004, http://www.icknowledge.com/history/history.html",
